<?xml version="1.0" encoding="UTF-8"?>
<!--
To change this license header, choose License Headers in Project Properties.
To change this template file, choose Tools | Templates
and open the template in the editor.
-->
 <quiz>
  <title>MongoDB Quiz (01/09/2015)</title>
  <questions>    
      <question>
        <quizquestion> What is the term commonly used to refer to the act of deviating a well bore to head in the direction desired?</quizquestion>
        <answer>miracle drilling</answer>
        <answer>Advanced angle drilling</answer>
        <answer>deviated septum drilling</answer>
        <answer>directional drilling</answer>
        <correct>4</correct>
      </question>

    <question>
        <quizquestion>What is the name commonly given to the liquid used in drilling a well?</quizquestion>
        <answer>mud</answer>
        <answer>hole milk</answer>
        <answer>syrup</answer>
        <answer>black gold</answer>
        <correct>1</correct>
      </question>

      <question>
        <quizquestion>What is the name commonly given to the Oil Company representative who is present while drilling is taking place?</quizquestion>
        <answer>the Head Well Digger</answer>
        <answer>the Company Man</answer>
        <answer>the Offshore installation Manager</answer>
        <answer>the Tool Pusher</answer>
        <correct>2</correct>
      </question>
     
<question>
        <quizquestion>What is the name given to an offshore drilling rig?</quizquestion>
        <answer>All are names given to an offshore drilling rig</answer>
        <answer>Jack-up</answer>
        <answer>Semi-Submersible</answer>
        <answer>Drill Ship</answer>
        <correct>1</correct>
      </question>
<question>
        <quizquestion>When oil is "struck", it usually produces a spout which reaches 150 feet or more above the surface of the ground</quizquestion>
        <answer>True</answer>
        <answer>False</answer>
        <answer>Incomplete Question</answer>
        <answer>Both a and b</answer>
        <correct>2</correct>
      </question>
<question>
        <quizquestion>What is the nickname given to the workers who work on a drilling rig drill floor?</quizquestion>
        <answer>Bean counters</answer>
        <answer>Chippies</answer>
        <answer>Roughnecks</answer>
        <answer>Sparkies</answer>
        <correct>3</correct>
      </question>
<question>
        <quizquestion> What type of formations are oil and gas usually found in, particularly in the Middle East?</quizquestion>
        <answer>Basalt</answer>
        <answer>Sulphur</answer>
        <answer>granite</answer>
        <answer>sand</answer>
        <correct>4</correct>
      </question>
<question>
        <quizquestion> What is the name given to the tall, main structure of a drilling rig?</quizquestion>
        <answer>the derrick</answer>
        <answer>the Jacob's ladder</answer>
        <answer>the bridge</answer>
        <answer>the stand pipe</answer>
        <correct>1</correct>
      </question>
<question>
        <quizquestion> It smells like rotten eggs, and one good whiff of it in high concentrations will kill you instantly. It is sometimes encountered in formations while drilling for oil.</quizquestion>
        <answer>Hydrogen Peroxide</answer>
        <answer>Boric Hydroxide</answer>
        <answer>Sodium Sulphide</answer>
        <answer>Hydrgen  Sulphide</answer>
        <correct>4</correct>
</question>
<question>
        <quizquestion>Which of these terms describes the situation when the pressure of an oil or gas well overcomes the hydrostatic pressure exerted on it by the drilling fluid while drilling?</quizquestion>
        <answer>a wash out</answer>
        <answer>a Kick</answer>
        <answer>a spew out</answer>
        <answer>an outflow</answer>
        <correct>2</correct>
</question>

  </questions>
</quiz>
